"F:\LCMS\012522\calibration curve\02_AUCG_0.01 nM_1.d"," DAD1 - B:Sig=260,4  Ref=360,60 02_AUCG_0.01 nM_1.d"
"F:\LCMS\012522\calibration curve\02_AUCG_0.01 nM_1.d" ,"Peak" ,Start,RT,End,Height,Area,Area %,Height %,Area Sum %,Width,FWHM,Start Y,End Y,B1 Start,B1 End,B2 Start,B2 End,Start BL Y,End BL Y,Symmetry,Max Y,SNR,Height % (Norm),Baseline,Base Peak,k',Label,Cpd,Type,Plates,Plates/M,Resolution,Saturated,Tailing factor,Flags (Tgt),
"F:\LCMS\012522\calibration curve\02_AUCG_0.01 nM_1.d" ,"1" ,0.358,0.372,0.442,2.15,5.00,1.68,10.71,1.66,0.084,0.027,-0.88,-0.95,0.353,0.356,0.442,0.444,-0.88,-0.95,5.49,1.27,,,  ,,,,,,,,,,,,
"F:\LCMS\012522\calibration curve\02_AUCG_0.01 nM_1.d" ,"2" ,7.089,7.289,7.505,20.10,296.66,100.00,100.00,98.34,0.416,0.306,-1.06,16.87,7.026,7.031,7.505,7.509,-1.06,16.87,1.79,27.66,,,  ,,,,,,,,,,,,

"F:\LCMS\012522\calibration curve\03_AUCG_0.01 nM_2.d"," DAD1 - B:Sig=260,4  Ref=360,60 03_AUCG_0.01 nM_2.d"
"F:\LCMS\012522\calibration curve\03_AUCG_0.01 nM_2.d" ,"Peak" ,Start,RT,End,Height,Area,Area %,Height %,Area Sum %,Width,FWHM,Start Y,End Y,B1 Start,B1 End,B2 Start,B2 End,Start BL Y,End BL Y,Symmetry,Max Y,SNR,Height % (Norm),Baseline,Base Peak,k',Label,Cpd,Type,Plates,Plates/M,Resolution,Saturated,Tailing factor,Flags (Tgt),
"F:\LCMS\012522\calibration curve\03_AUCG_0.01 nM_2.d" ,"1" ,0.355,0.371,0.432,2.41,6.47,2.18,11.95,2.14,0.078,0.031,-0.74,-1.65,0.353,0.355,0.432,0.434,-0.74,-1.65,3.60,1.47,,,  ,,,,,,,,,,,,
"F:\LCMS\012522\calibration curve\03_AUCG_0.01 nM_2.d" ,"2" ,7.090,7.288,7.505,20.15,296.54,100.00,100.00,97.86,0.415,0.306,-1.03,16.84,7.024,7.034,7.505,7.509,-1.03,16.84,1.82,27.64,,,  ,,,,,,,,,,,,

"F:\LCMS\012522\calibration curve\04_AUCG_0.01 nM_3.d"," DAD1 - B:Sig=260,4  Ref=360,60 04_AUCG_0.01 nM_3.d"
"F:\LCMS\012522\calibration curve\04_AUCG_0.01 nM_3.d" ,"Peak" ,Start,RT,End,Height,Area,Area %,Height %,Area Sum %,Width,FWHM,Start Y,End Y,B1 Start,B1 End,B2 Start,B2 End,Start BL Y,End BL Y,Symmetry,Max Y,SNR,Height % (Norm),Baseline,Base Peak,k',Label,Cpd,Type,Plates,Plates/M,Resolution,Saturated,Tailing factor,Flags (Tgt),
"F:\LCMS\012522\calibration curve\04_AUCG_0.01 nM_3.d" ,"1" ,7.090,7.291,7.505,19.97,295.65,100.00,100.00,100.00,0.416,0.306,-1.02,16.92,7.027,7.029,7.505,7.509,-1.02,16.92,1.77,27.62,,,  ,,,,,,,,,,,,

"F:\LCMS\012522\calibration curve\06_AUCG_0.1 nM_1.d"," DAD1 - B:Sig=260,4  Ref=360,60 06_AUCG_0.1 nM_1.d"
"F:\LCMS\012522\calibration curve\06_AUCG_0.1 nM_1.d" ,"Peak" ,Start,RT,End,Height,Area,Area %,Height %,Area Sum %,Width,FWHM,Start Y,End Y,B1 Start,B1 End,B2 Start,B2 End,Start BL Y,End BL Y,Symmetry,Max Y,SNR,Height % (Norm),Baseline,Base Peak,k',Label,Cpd,Type,Plates,Plates/M,Resolution,Saturated,Tailing factor,Flags (Tgt),
"F:\LCMS\012522\calibration curve\06_AUCG_0.1 nM_1.d" ,"1" ,0.361,0.372,0.438,1.77,3.15,1.06,8.81,1.05,0.077,0.021,-0.48,-0.50,0.353,0.355,0.444,0.447,-0.48,-0.50,6.31,1.28,,,  ,,,,,,,,,,,,
"F:\LCMS\012522\calibration curve\06_AUCG_0.1 nM_1.d" ,"2" ,7.088,7.289,7.505,20.04,295.34,100.00,100.00,98.95,0.417,0.306,-1.09,16.88,7.031,7.034,7.505,7.509,-1.09,16.88,1.81,27.60,,,  ,,,,,,,,,,,,

"F:\LCMS\012522\calibration curve\07_AUCG_0.1 nM_2.d"," DAD1 - B:Sig=260,4  Ref=360,60 07_AUCG_0.1 nM_2.d"
"F:\LCMS\012522\calibration curve\07_AUCG_0.1 nM_2.d" ,"Peak" ,Start,RT,End,Height,Area,Area %,Height %,Area Sum %,Width,FWHM,Start Y,End Y,B1 Start,B1 End,B2 Start,B2 End,Start BL Y,End BL Y,Symmetry,Max Y,SNR,Height % (Norm),Baseline,Base Peak,k',Label,Cpd,Type,Plates,Plates/M,Resolution,Saturated,Tailing factor,Flags (Tgt),
"F:\LCMS\012522\calibration curve\07_AUCG_0.1 nM_2.d" ,"1" ,0.361,0.372,0.438,1.83,3.41,1.16,9.11,1.13,0.077,0.021,-0.44,-0.48,0.353,0.355,0.442,0.444,-0.44,-0.48,5.82,1.39,,,  ,,,,,,,,,,,,
"F:\LCMS\012522\calibration curve\07_AUCG_0.1 nM_2.d" ,"2" ,4.709,4.711,4.914,0.28,5.12,1.74,1.38,1.69,0.205,0.037,-2.84,-4.33,4.708,4.710,5.122,5.125,-3.06,-4.72,13.44,-2.81,,,  ,,,,,,,,,,,,
"F:\LCMS\012522\calibration curve\07_AUCG_0.1 nM_2.d" ,"3" ,7.092,7.287,7.505,20.08,294.36,100.00,100.00,97.18,0.414,0.306,-0.92,16.89,7.026,7.030,7.505,7.509,-0.92,16.89,1.85,27.58,,,  ,,,,,,,,,,,,

"F:\LCMS\012522\calibration curve\08_AUCG_0.1 nM_3.d"," DAD1 - B:Sig=260,4  Ref=360,60 08_AUCG_0.1 nM_3.d"
"F:\LCMS\012522\calibration curve\08_AUCG_0.1 nM_3.d" ,"Peak" ,Start,RT,End,Height,Area,Area %,Height %,Area Sum %,Width,FWHM,Start Y,End Y,B1 Start,B1 End,B2 Start,B2 End,Start BL Y,End BL Y,Symmetry,Max Y,SNR,Height % (Norm),Baseline,Base Peak,k',Label,Cpd,Type,Plates,Plates/M,Resolution,Saturated,Tailing factor,Flags (Tgt),
"F:\LCMS\012522\calibration curve\08_AUCG_0.1 nM_3.d" ,"1" ,0.357,0.372,0.441,2.13,4.89,1.65,10.59,1.63,0.084,0.027,-0.72,-0.78,0.353,0.355,0.440,0.443,-0.72,-0.78,4.94,1.40,,,  ,,,,,,,,,,,,
"F:\LCMS\012522\calibration curve\08_AUCG_0.1 nM_3.d" ,"2" ,7.090,7.288,7.505,20.10,295.65,100.00,100.00,98.37,0.415,0.306,-1.05,16.86,7.026,7.032,7.505,7.509,-1.05,16.86,1.83,27.57,,,  ,,,,,,,,,,,,

"F:\LCMS\012522\calibration curve\10_AUCG_1 nM_1.d"," DAD1 - B:Sig=260,4  Ref=360,60 10_AUCG_1 nM_1.d"
"F:\LCMS\012522\calibration curve\10_AUCG_1 nM_1.d" ,"Peak" ,Start,RT,End,Height,Area,Area %,Height %,Area Sum %,Width,FWHM,Start Y,End Y,B1 Start,B1 End,B2 Start,B2 End,Start BL Y,End BL Y,Symmetry,Max Y,SNR,Height % (Norm),Baseline,Base Peak,k',Label,Cpd,Type,Plates,Plates/M,Resolution,Saturated,Tailing factor,Flags (Tgt),
"F:\LCMS\012522\calibration curve\10_AUCG_1 nM_1.d" ,"1" ,7.091,7.286,7.505,20.12,294.49,100.00,100.00,100.00,0.414,0.306,-0.94,16.91,7.026,7.029,7.505,7.509,-0.94,16.91,1.86,27.60,,,  ,,,,,,,,,,,,

"F:\LCMS\012522\calibration curve\11_AUCG_1 nM_2.d"," DAD1 - B:Sig=260,4  Ref=360,60 11_AUCG_1 nM_2.d"
"F:\LCMS\012522\calibration curve\11_AUCG_1 nM_2.d" ,"Peak" ,Start,RT,End,Height,Area,Area %,Height %,Area Sum %,Width,FWHM,Start Y,End Y,B1 Start,B1 End,B2 Start,B2 End,Start BL Y,End BL Y,Symmetry,Max Y,SNR,Height % (Norm),Baseline,Base Peak,k',Label,Cpd,Type,Plates,Plates/M,Resolution,Saturated,Tailing factor,Flags (Tgt),
"F:\LCMS\012522\calibration curve\11_AUCG_1 nM_2.d" ,"1" ,0.356,0.373,0.426,2.07,3.35,1.12,10.20,1.11,0.070,0.026,-0.87,-0.14,0.353,0.356,0.425,0.427,-0.87,-0.14,4.45,1.38,,,  ,,,,,,,,,,,,
"F:\LCMS\012522\calibration curve\11_AUCG_1 nM_2.d" ,"2" ,7.084,7.285,7.505,20.32,298.40,100.00,100.00,98.89,0.421,0.307,-1.45,16.77,7.027,7.030,7.505,7.509,-1.45,16.77,1.88,27.57,,,  ,,,,,,,,,,,,

"F:\LCMS\012522\calibration curve\12_AUCG_1 nM_3.d"," DAD1 - B:Sig=260,4  Ref=360,60 12_AUCG_1 nM_3.d"
"F:\LCMS\012522\calibration curve\12_AUCG_1 nM_3.d" ,"Peak" ,Start,RT,End,Height,Area,Area %,Height %,Area Sum %,Width,FWHM,Start Y,End Y,B1 Start,B1 End,B2 Start,B2 End,Start BL Y,End BL Y,Symmetry,Max Y,SNR,Height % (Norm),Baseline,Base Peak,k',Label,Cpd,Type,Plates,Plates/M,Resolution,Saturated,Tailing factor,Flags (Tgt),
"F:\LCMS\012522\calibration curve\12_AUCG_1 nM_3.d" ,"1" ,0.360,0.372,0.416,1.93,3.31,1.12,9.53,1.11,0.056,0.023,-0.50,-0.06,0.353,0.355,0.415,0.418,-0.50,-0.56,4.30,1.42,,,  ,,,,,,,,,,,,
"F:\LCMS\012522\calibration curve\12_AUCG_1 nM_3.d" ,"2" ,7.089,7.285,7.505,20.23,296.02,100.00,100.00,98.89,0.416,0.306,-1.11,16.82,7.027,7.032,7.505,7.509,-1.11,16.82,1.89,27.57,,,  ,,,,,,,,,,,,

"F:\LCMS\012522\calibration curve\14_AUCG_0.01 uM_1.d"," DAD1 - B:Sig=260,4  Ref=360,60 14_AUCG_0.01 uM_1.d"
"F:\LCMS\012522\calibration curve\14_AUCG_0.01 uM_1.d" ,"Peak" ,Start,RT,End,Height,Area,Area %,Height %,Area Sum %,Width,FWHM,Start Y,End Y,B1 Start,B1 End,B2 Start,B2 End,Start BL Y,End BL Y,Symmetry,Max Y,SNR,Height % (Norm),Baseline,Base Peak,k',Label,Cpd,Type,Plates,Plates/M,Resolution,Saturated,Tailing factor,Flags (Tgt),
"F:\LCMS\012522\calibration curve\14_AUCG_0.01 uM_1.d" ,"1" ,0.356,0.372,0.427,2.38,3.82,1.22,11.22,1.10,0.071,0.026,-1.08,-0.20,0.353,0.355,0.426,0.428,-1.08,-0.20,4.76,1.50,,,  ,,,,,,,,,,,,
"F:\LCMS\012522\calibration curve\14_AUCG_0.01 uM_1.d" ,"2" ,3.531,3.611,3.713,7.02,29.35,9.37,33.01,8.47,0.182,0.065,-1.76,-1.86,3.530,3.532,3.744,3.746,-1.77,-1.86,1.09,5.20,,,  ,,,,,,,,,,,,
"F:\LCMS\012522\calibration curve\14_AUCG_0.01 uM_1.d" ,"3" ,7.077,7.278,7.505,21.25,313.33,100.00,100.00,90.43,0.429,0.313,-1.76,16.75,7.027,7.032,7.505,7.509,-1.76,16.75,1.96,28.19,,,  ,,,,,,,,,,,,

"F:\LCMS\012522\calibration curve\15_AUCG_0.01 uM_2.d"," DAD1 - B:Sig=260,4  Ref=360,60 15_AUCG_0.01 uM_2.d"
"F:\LCMS\012522\calibration curve\15_AUCG_0.01 uM_2.d" ,"Peak" ,Start,RT,End,Height,Area,Area %,Height %,Area Sum %,Width,FWHM,Start Y,End Y,B1 Start,B1 End,B2 Start,B2 End,Start BL Y,End BL Y,Symmetry,Max Y,SNR,Height % (Norm),Baseline,Base Peak,k',Label,Cpd,Type,Plates,Plates/M,Resolution,Saturated,Tailing factor,Flags (Tgt),
"F:\LCMS\012522\calibration curve\15_AUCG_0.01 uM_2.d" ,"1" ,0.359,0.373,0.444,2.27,5.23,1.72,10.81,1.55,0.085,0.027,-0.84,-0.82,0.354,0.355,0.443,0.445,-0.84,-0.82,5.40,1.43,,,  ,,,,,,,,,,,,
"F:\LCMS\012522\calibration curve\15_AUCG_0.01 uM_2.d" ,"2" ,3.496,3.577,3.674,6.55,28.62,9.43,31.21,8.48,0.178,0.068,-1.60,-1.69,3.490,3.494,3.685,3.687,-1.60,-1.69,1.18,4.91,,,  ,,,,,,,,,,,,
"F:\LCMS\012522\calibration curve\15_AUCG_0.01 uM_2.d" ,"3" ,7.088,7.278,7.506,20.97,303.55,100.00,100.00,89.97,0.418,0.310,-1.17,16.81,7.025,7.030,7.505,7.509,-1.17,16.81,2.02,27.98,,,  ,,,,,,,,,,,,

"F:\LCMS\012522\calibration curve\16_AUCG_0.01 uM_3.d"," DAD1 - B:Sig=260,4  Ref=360,60 16_AUCG_0.01 uM_3.d"
"F:\LCMS\012522\calibration curve\16_AUCG_0.01 uM_3.d" ,"Peak" ,Start,RT,End,Height,Area,Area %,Height %,Area Sum %,Width,FWHM,Start Y,End Y,B1 Start,B1 End,B2 Start,B2 End,Start BL Y,End BL Y,Symmetry,Max Y,SNR,Height % (Norm),Baseline,Base Peak,k',Label,Cpd,Type,Plates,Plates/M,Resolution,Saturated,Tailing factor,Flags (Tgt),
"F:\LCMS\012522\calibration curve\16_AUCG_0.01 uM_3.d" ,"1" ,0.359,0.371,0.426,1.89,3.41,1.15,9.33,0.71,0.067,0.023,-0.40,-0.46,0.353,0.355,0.432,0.434,-0.40,-0.46,4.89,1.48,,,  ,,,,,,,,,,,,
"F:\LCMS\012522\calibration curve\16_AUCG_0.01 uM_3.d" ,"2" ,3.475,3.566,3.660,6.48,28.88,9.73,31.98,6.01,0.184,0.070,-1.51,-1.55,3.468,3.475,3.681,3.683,-1.51,-1.55,1.06,4.95,,,  ,,,,,,,,,,,,
"F:\LCMS\012522\calibration curve\16_AUCG_0.01 uM_3.d" ,"3" ,7.091,7.286,7.506,20.25,296.84,100.00,100.00,61.73,0.415,0.307,-1.02,16.76,7.026,7.031,7.505,7.509,-1.02,16.76,1.88,27.59,,,  ,,,,,,,,,,,,
"F:\LCMS\012522\calibration curve\16_AUCG_0.01 uM_3.d" ,"4" ,7.507,7.515,8.031,3.55,151.73,51.11,17.51,31.55,0.524,0.093,16.22,2.14,7.505,7.509,8.826,8.830,16.22,2.00,17.82,19.54,,,  ,,,,,,,,,,,,

"F:\LCMS\012522\calibration curve\18_AUCG_0.02 uM_1.d"," DAD1 - B:Sig=260,4  Ref=360,60 18_AUCG_0.02 uM_1.d"
"F:\LCMS\012522\calibration curve\18_AUCG_0.02 uM_1.d" ,"Peak" ,Start,RT,End,Height,Area,Area %,Height %,Area Sum %,Width,FWHM,Start Y,End Y,B1 Start,B1 End,B2 Start,B2 End,Start BL Y,End BL Y,Symmetry,Max Y,SNR,Height % (Norm),Baseline,Base Peak,k',Label,Cpd,Type,Plates,Plates/M,Resolution,Saturated,Tailing factor,Flags (Tgt),
"F:\LCMS\012522\calibration curve\18_AUCG_0.02 uM_1.d" ,"1" ,0.359,0.371,0.445,1.83,3.98,1.35,9.03,1.11,0.086,0.024,-0.56,-0.65,0.353,0.354,0.444,0.448,-0.56,-0.65,5.84,1.26,,,  ,,,,,,,,,,,,
"F:\LCMS\012522\calibration curve\18_AUCG_0.02 uM_1.d" ,"2" ,3.522,3.610,3.723,14.28,60.38,20.47,70.43,16.81,0.201,0.065,-1.65,-1.68,3.515,3.521,3.748,3.750,-1.67,-1.68,1.20,12.61,,,  ,,,,,,,,,,,,
"F:\LCMS\012522\calibration curve\18_AUCG_0.02 uM_1.d" ,"3" ,7.093,7.283,7.505,20.27,294.89,100.00,100.00,82.09,0.413,0.307,-0.87,16.85,7.024,7.032,7.505,7.509,-0.87,16.85,1.94,27.58,,,  ,,,,,,,,,,,,

"F:\LCMS\012522\calibration curve\19_AUCG_0.02 uM_2.d"," DAD1 - B:Sig=260,4  Ref=360,60 19_AUCG_0.02 uM_2.d"
"F:\LCMS\012522\calibration curve\19_AUCG_0.02 uM_2.d" ,"Peak" ,Start,RT,End,Height,Area,Area %,Height %,Area Sum %,Width,FWHM,Start Y,End Y,B1 Start,B1 End,B2 Start,B2 End,Start BL Y,End BL Y,Symmetry,Max Y,SNR,Height % (Norm),Baseline,Base Peak,k',Label,Cpd,Type,Plates,Plates/M,Resolution,Saturated,Tailing factor,Flags (Tgt),
"F:\LCMS\012522\calibration curve\19_AUCG_0.02 uM_2.d" ,"1" ,0.355,0.371,0.441,2.01,4.63,1.56,9.97,0.91,0.087,0.027,-0.68,-0.69,0.352,0.355,0.441,0.443,-0.68,-0.69,5.30,1.33,,,  ,,,,,,,,,,,,
"F:\LCMS\012522\calibration curve\19_AUCG_0.02 uM_2.d" ,"2" ,3.477,3.574,3.684,13.14,59.65,20.16,65.37,11.70,0.206,0.071,-1.52,-1.53,3.462,3.464,3.710,3.713,-1.52,-1.53,1.15,11.62,,,  ,,,,,,,,,,,,
"F:\LCMS\012522\calibration curve\19_AUCG_0.02 uM_2.d" ,"3" ,7.089,7.288,7.505,20.11,295.82,100.00,100.00,58.00,0.416,0.306,-1.13,16.80,7.026,7.034,7.505,7.509,-1.13,16.80,1.83,27.54,,,  ,,,,,,,,,,,,
"F:\LCMS\012522\calibration curve\19_AUCG_0.02 uM_2.d" ,"4" ,7.507,7.516,8.026,3.53,149.90,50.67,17.58,29.39,0.520,0.092,16.27,2.46,7.505,7.509,8.836,8.839,16.27,2.13,15.81,19.55,,,  ,,,,,,,,,,,,

"F:\LCMS\012522\calibration curve\20_AUCG_0.02 uM_3.d"," DAD1 - B:Sig=260,4  Ref=360,60 20_AUCG_0.02 uM_3.d"
"F:\LCMS\012522\calibration curve\20_AUCG_0.02 uM_3.d" ,"Peak" ,Start,RT,End,Height,Area,Area %,Height %,Area Sum %,Width,FWHM,Start Y,End Y,B1 Start,B1 End,B2 Start,B2 End,Start BL Y,End BL Y,Symmetry,Max Y,SNR,Height % (Norm),Baseline,Base Peak,k',Label,Cpd,Type,Plates,Plates/M,Resolution,Saturated,Tailing factor,Flags (Tgt),
"F:\LCMS\012522\calibration curve\20_AUCG_0.02 uM_3.d" ,"1" ,0.355,0.371,0.424,1.91,3.06,1.03,9.44,0.85,0.068,0.026,-0.74,-0.08,0.351,0.355,0.423,0.425,-0.74,-0.08,4.52,1.33,,,  ,,,,,,,,,,,,
"F:\LCMS\012522\calibration curve\20_AUCG_0.02 uM_3.d" ,"2" ,3.468,3.563,3.687,13.19,60.44,20.32,65.11,16.75,0.220,0.071,-1.49,-1.61,3.462,3.466,3.729,3.731,-1.49,-1.61,1.16,11.65,,,  ,,,,,,,,,,,,
"F:\LCMS\012522\calibration curve\20_AUCG_0.02 uM_3.d" ,"3" ,7.086,7.286,7.505,20.26,297.38,100.00,100.00,82.40,0.420,0.306,-1.36,16.84,7.031,7.034,7.505,7.509,-1.36,16.84,1.87,27.59,,,  ,,,,,,,,,,,,

"F:\LCMS\012522\calibration curve\22_AUCG_0.05 uM_1.d"," DAD1 - B:Sig=260,4  Ref=360,60 22_AUCG_0.05 uM_1.d"
"F:\LCMS\012522\calibration curve\22_AUCG_0.05 uM_1.d" ,"Peak" ,Start,RT,End,Height,Area,Area %,Height %,Area Sum %,Width,FWHM,Start Y,End Y,B1 Start,B1 End,B2 Start,B2 End,Start BL Y,End BL Y,Symmetry,Max Y,SNR,Height % (Norm),Baseline,Base Peak,k',Label,Cpd,Type,Plates,Plates/M,Resolution,Saturated,Tailing factor,Flags (Tgt),
"F:\LCMS\012522\calibration curve\22_AUCG_0.05 uM_1.d" ,"1" ,3.516,3.607,3.715,13.87,59.83,10.75,46.21,6.04,0.199,0.067,-1.64,-1.62,3.511,3.516,3.757,3.762,-1.64,-1.62,1.14,12.24,,,  ,,,,,,,,,,,,
"F:\LCMS\012522\calibration curve\22_AUCG_0.05 uM_1.d" ,"2" ,7.036,7.291,7.506,30.01,556.74,100.00,100.00,56.20,0.471,0.329,-3.61,16.11,7.024,7.031,7.505,7.509,-3.61,-1.45,1.21,27.57,,,  ,,,,,,,,,,,,
"F:\LCMS\012522\calibration curve\22_AUCG_0.05 uM_1.d" ,"3" ,7.506,7.517,8.060,16.72,374.15,67.20,55.70,37.77,0.554,0.440,16.11,1.30,7.505,7.509,8.842,8.851,2.86,1.19,41.98,19.55,,,  ,,,,,,,,,,,,

"F:\LCMS\012522\calibration curve\23_AUCG_0.05 uM_2.d"," DAD1 - B:Sig=260,4  Ref=360,60 23_AUCG_0.05 uM_2.d"
"F:\LCMS\012522\calibration curve\23_AUCG_0.05 uM_2.d" ,"Peak" ,Start,RT,End,Height,Area,Area %,Height %,Area Sum %,Width,FWHM,Start Y,End Y,B1 Start,B1 End,B2 Start,B2 End,Start BL Y,End BL Y,Symmetry,Max Y,SNR,Height % (Norm),Baseline,Base Peak,k',Label,Cpd,Type,Plates,Plates/M,Resolution,Saturated,Tailing factor,Flags (Tgt),
"F:\LCMS\012522\calibration curve\23_AUCG_0.05 uM_2.d" ,"1" ,3.475,3.562,3.668,13.13,59.05,19.89,65.29,16.59,0.193,0.070,-1.46,-1.44,3.460,3.468,3.726,3.729,-1.46,-1.44,1.22,11.68,,,  ,,,,,,,,,,,,
"F:\LCMS\012522\calibration curve\23_AUCG_0.05 uM_2.d" ,"2" ,7.089,7.289,7.506,20.12,296.95,100.00,100.00,83.41,0.417,0.306,-1.14,16.81,7.029,7.031,7.505,7.509,-1.14,16.81,1.81,27.60,,,  ,,,,,,,,,,,,

"F:\LCMS\012522\calibration curve\24_AUCG_0.05 uM_3.d"," DAD1 - B:Sig=260,4  Ref=360,60 24_AUCG_0.05 uM_3.d"
"F:\LCMS\012522\calibration curve\24_AUCG_0.05 uM_3.d" ,"Peak" ,Start,RT,End,Height,Area,Area %,Height %,Area Sum %,Width,FWHM,Start Y,End Y,B1 Start,B1 End,B2 Start,B2 End,Start BL Y,End BL Y,Symmetry,Max Y,SNR,Height % (Norm),Baseline,Base Peak,k',Label,Cpd,Type,Plates,Plates/M,Resolution,Saturated,Tailing factor,Flags (Tgt),
"F:\LCMS\012522\calibration curve\24_AUCG_0.05 uM_3.d" ,"1" ,0.358,0.371,0.442,1.88,4.16,1.41,9.32,1.16,0.085,0.025,-0.49,-0.61,0.351,0.354,0.442,0.444,-0.49,-0.61,5.47,1.37,,,  ,,,,,,,,,,,,
"F:\LCMS\012522\calibration curve\24_AUCG_0.05 uM_3.d" ,"2" ,3.459,3.555,3.688,13.12,60.78,20.57,65.13,16.87,0.229,0.071,-1.47,-1.62,3.455,3.459,3.693,3.695,-1.48,-1.62,1.17,11.58,,,  ,,,,,,,,,,,,
"F:\LCMS\012522\calibration curve\24_AUCG_0.05 uM_3.d" ,"3" ,7.092,7.286,7.505,20.15,295.43,100.00,100.00,81.98,0.413,0.306,-0.87,16.86,7.025,7.031,7.505,7.509,-0.87,16.86,1.86,27.61,,,  ,,,,,,,,,,,,

"F:\LCMS\012522\calibration curve\26_AUCG_0.1 uM_1.d"," DAD1 - B:Sig=260,4  Ref=360,60 26_AUCG_0.1 uM_1.d"
"F:\LCMS\012522\calibration curve\26_AUCG_0.1 uM_1.d" ,"Peak" ,Start,RT,End,Height,Area,Area %,Height %,Area Sum %,Width,FWHM,Start Y,End Y,B1 Start,B1 End,B2 Start,B2 End,Start BL Y,End BL Y,Symmetry,Max Y,SNR,Height % (Norm),Baseline,Base Peak,k',Label,Cpd,Type,Plates,Plates/M,Resolution,Saturated,Tailing factor,Flags (Tgt),
"F:\LCMS\012522\calibration curve\26_AUCG_0.1 uM_1.d" ,"1" ,3.514,3.600,3.714,13.88,59.95,20.17,68.61,16.79,0.200,0.067,-1.64,-1.66,3.507,3.510,3.759,3.761,-1.66,-1.66,1.21,12.22,,,  ,,,,,,,,,,,,
"F:\LCMS\012522\calibration curve\26_AUCG_0.1 uM_1.d" ,"2" ,7.087,7.286,7.505,20.23,297.23,100.00,100.00,83.21,0.418,0.306,-1.26,16.76,7.030,7.033,7.505,7.509,-1.26,16.76,1.85,27.57,,,  ,,,,,,,,,,,,

"F:\LCMS\012522\calibration curve\27_AUCG_0.1 uM_2.d"," DAD1 - B:Sig=260,4  Ref=360,60 27_AUCG_0.1 uM_2.d"
"F:\LCMS\012522\calibration curve\27_AUCG_0.1 uM_2.d" ,"Peak" ,Start,RT,End,Height,Area,Area %,Height %,Area Sum %,Width,FWHM,Start Y,End Y,B1 Start,B1 End,B2 Start,B2 End,Start BL Y,End BL Y,Symmetry,Max Y,SNR,Height % (Norm),Baseline,Base Peak,k',Label,Cpd,Type,Plates,Plates/M,Resolution,Saturated,Tailing factor,Flags (Tgt),
"F:\LCMS\012522\calibration curve\27_AUCG_0.1 uM_2.d" ,"1" ,3.459,3.554,3.672,12.84,59.76,20.23,64.14,16.83,0.213,0.072,-1.48,-1.53,3.451,3.454,3.708,3.714,-1.48,-1.53,1.20,11.33,,,  ,,,,,,,,,,,,
"F:\LCMS\012522\calibration curve\27_AUCG_0.1 uM_2.d" ,"2" ,7.092,7.289,7.505,20.01,295.44,100.00,100.00,83.17,0.413,0.306,-0.93,16.82,7.025,7.032,7.505,7.509,-0.93,16.82,1.80,27.57,,,  ,,,,,,,,,,,,

"F:\LCMS\012522\calibration curve\28_AUCG_0.1 uM_3.d"," DAD1 - B:Sig=260,4  Ref=360,60 28_AUCG_0.1 uM_3.d"
"F:\LCMS\012522\calibration curve\28_AUCG_0.1 uM_3.d" ,"Peak" ,Start,RT,End,Height,Area,Area %,Height %,Area Sum %,Width,FWHM,Start Y,End Y,B1 Start,B1 End,B2 Start,B2 End,Start BL Y,End BL Y,Symmetry,Max Y,SNR,Height % (Norm),Baseline,Base Peak,k',Label,Cpd,Type,Plates,Plates/M,Resolution,Saturated,Tailing factor,Flags (Tgt),
"F:\LCMS\012522\calibration curve\28_AUCG_0.1 uM_3.d" ,"1" ,3.460,3.556,3.692,13.08,60.69,20.52,65.26,17.03,0.232,0.072,-1.49,-1.66,3.439,3.446,3.708,3.711,-1.50,-1.66,1.17,11.51,,,  ,,,,,,,,,,,,
"F:\LCMS\012522\calibration curve\28_AUCG_0.1 uM_3.d" ,"2" ,7.091,7.289,7.505,20.04,295.75,100.00,100.00,82.97,0.414,0.306,-0.93,16.80,7.026,7.029,7.505,7.509,-0.93,16.80,1.80,27.59,,,  ,,,,,,,,,,,,

"F:\LCMS\012522\calibration curve\30_AUCG_0.5 uM_1.d"," DAD1 - B:Sig=260,4  Ref=360,60 30_AUCG_0.5 uM_1.d"
"F:\LCMS\012522\calibration curve\30_AUCG_0.5 uM_1.d" ,"Peak" ,Start,RT,End,Height,Area,Area %,Height %,Area Sum %,Width,FWHM,Start Y,End Y,B1 Start,B1 End,B2 Start,B2 End,Start BL Y,End BL Y,Symmetry,Max Y,SNR,Height % (Norm),Baseline,Base Peak,k',Label,Cpd,Type,Plates,Plates/M,Resolution,Saturated,Tailing factor,Flags (Tgt),
"F:\LCMS\012522\calibration curve\30_AUCG_0.5 uM_1.d" ,"1" ,0.357,0.371,0.442,1.98,4.45,1.49,9.77,1.22,0.085,0.025,-0.62,-0.79,0.352,0.354,0.442,0.446,-0.62,-0.79,5.50,1.33,,,  ,,,,,,,,,,,,
"F:\LCMS\012522\calibration curve\30_AUCG_0.5 uM_1.d" ,"2" ,3.515,3.600,3.725,14.41,61.69,20.73,71.26,16.96,0.210,0.066,-1.61,-1.70,3.510,3.512,3.798,3.800,-1.61,-1.70,1.18,12.76,,,  ,,,,,,,,,,,,
"F:\LCMS\012522\calibration curve\30_AUCG_0.5 uM_1.d" ,"3" ,7.083,7.287,7.505,20.22,297.56,100.00,100.00,81.82,0.422,0.306,-1.52,16.83,7.025,7.028,7.505,7.509,-1.52,16.83,1.84,27.56,,,  ,,,,,,,,,,,,

"F:\LCMS\012522\calibration curve\31_AUCG_0.5 uM_2.d"," DAD1 - B:Sig=260,4  Ref=360,60 31_AUCG_0.5 uM_2.d"
"F:\LCMS\012522\calibration curve\31_AUCG_0.5 uM_2.d" ,"Peak" ,Start,RT,End,Height,Area,Area %,Height %,Area Sum %,Width,FWHM,Start Y,End Y,B1 Start,B1 End,B2 Start,B2 End,Start BL Y,End BL Y,Symmetry,Max Y,SNR,Height % (Norm),Baseline,Base Peak,k',Label,Cpd,Type,Plates,Plates/M,Resolution,Saturated,Tailing factor,Flags (Tgt),
"F:\LCMS\012522\calibration curve\31_AUCG_0.5 uM_2.d" ,"1" ,0.355,0.371,0.428,1.94,3.21,1.08,9.59,0.89,0.073,0.026,-0.71,-0.10,0.353,0.354,0.426,0.430,-0.71,-0.10,4.92,1.36,,,  ,,,,,,,,,,,,
"F:\LCMS\012522\calibration curve\31_AUCG_0.5 uM_2.d" ,"2" ,3.469,3.560,3.682,13.55,61.74,20.75,67.06,17.04,0.213,0.071,-1.47,-1.57,3.444,3.461,3.707,3.710,-1.47,-1.57,1.18,12.03,,,  ,,,,,,,,,,,,
"F:\LCMS\012522\calibration curve\31_AUCG_0.5 uM_2.d" ,"3" ,7.084,7.287,7.505,20.21,297.46,100.00,100.00,82.08,0.421,0.307,-1.43,16.84,7.032,7.034,7.505,7.509,-1.43,16.84,1.84,27.58,,,  ,,,,,,,,,,,,

"F:\LCMS\012522\calibration curve\32_AUCG_0.5 uM_3.d"," DAD1 - B:Sig=260,4  Ref=360,60 32_AUCG_0.5 uM_3.d"
"F:\LCMS\012522\calibration curve\32_AUCG_0.5 uM_3.d" ,"Peak" ,Start,RT,End,Height,Area,Area %,Height %,Area Sum %,Width,FWHM,Start Y,End Y,B1 Start,B1 End,B2 Start,B2 End,Start BL Y,End BL Y,Symmetry,Max Y,SNR,Height % (Norm),Baseline,Base Peak,k',Label,Cpd,Type,Plates,Plates/M,Resolution,Saturated,Tailing factor,Flags (Tgt),
"F:\LCMS\012522\calibration curve\32_AUCG_0.5 uM_3.d" ,"1" ,3.473,3.559,3.679,13.50,61.64,20.90,66.77,17.29,0.206,0.071,-1.46,-1.55,3.471,3.473,3.735,3.737,-1.52,-1.55,1.22,11.97,,,  ,,,,,,,,,,,,
"F:\LCMS\012522\calibration curve\32_AUCG_0.5 uM_3.d" ,"2" ,7.090,7.284,7.505,20.22,294.88,100.00,100.00,82.71,0.415,0.307,-1.03,16.85,7.025,7.033,7.505,7.509,-1.03,16.85,1.90,27.55,,,  ,,,,,,,,,,,,

"F:\LCMS\012522\calibration curve\34_AUCG_1 uM_1.d"," DAD1 - B:Sig=260,4  Ref=360,60 34_AUCG_1 uM_1.d"
"F:\LCMS\012522\calibration curve\34_AUCG_1 uM_1.d" ,"Peak" ,Start,RT,End,Height,Area,Area %,Height %,Area Sum %,Width,FWHM,Start Y,End Y,B1 Start,B1 End,B2 Start,B2 End,Start BL Y,End BL Y,Symmetry,Max Y,SNR,Height % (Norm),Baseline,Base Peak,k',Label,Cpd,Type,Plates,Plates/M,Resolution,Saturated,Tailing factor,Flags (Tgt),
"F:\LCMS\012522\calibration curve\34_AUCG_1 uM_1.d" ,"1" ,1.215,1.253,1.319,1.82,4.60,1.55,9.13,1.26,0.104,0.039,-0.66,-0.69,1.204,1.209,1.318,1.321,-0.66,-0.70,1.32,1.14,,,  ,,,,,,,,,,,,
"F:\LCMS\012522\calibration curve\34_AUCG_1 uM_1.d" ,"2" ,3.517,3.609,3.724,14.74,63.47,21.45,73.95,17.44,0.207,0.067,-1.65,-1.66,3.512,3.516,3.814,3.816,-1.68,-1.66,1.15,13.07,,,  ,,,,,,,,,,,,
"F:\LCMS\012522\calibration curve\34_AUCG_1 uM_1.d" ,"3" ,7.088,7.292,7.505,19.93,295.84,100.00,100.00,81.30,0.417,0.306,-1.19,16.81,7.029,7.031,7.505,7.509,-1.19,16.81,1.74,27.53,,,  ,,,,,,,,,,,,

"F:\LCMS\012522\calibration curve\35_AUCG_1 uM_2.d"," DAD1 - B:Sig=260,4  Ref=360,60 35_AUCG_1 uM_2.d"
"F:\LCMS\012522\calibration curve\35_AUCG_1 uM_2.d" ,"Peak" ,Start,RT,End,Height,Area,Area %,Height %,Area Sum %,Width,FWHM,Start Y,End Y,B1 Start,B1 End,B2 Start,B2 End,Start BL Y,End BL Y,Symmetry,Max Y,SNR,Height % (Norm),Baseline,Base Peak,k',Label,Cpd,Type,Plates,Plates/M,Resolution,Saturated,Tailing factor,Flags (Tgt),
"F:\LCMS\012522\calibration curve\35_AUCG_1 uM_2.d" ,"1" ,1.176,1.222,1.299,1.88,4.82,1.64,9.44,1.33,0.123,0.039,-0.60,-0.58,1.162,1.171,1.297,1.303,-0.61,-0.58,1.70,1.28,,,  ,,,,,,,,,,,,
"F:\LCMS\012522\calibration curve\35_AUCG_1 uM_2.d" ,"2" ,3.479,3.574,3.692,14.02,63.54,21.58,70.55,17.51,0.213,0.070,-1.51,-1.59,3.466,3.468,3.735,3.741,-1.52,-1.59,1.17,12.47,,,  ,,,,,,,,,,,,
"F:\LCMS\012522\calibration curve\35_AUCG_1 uM_2.d" ,"3" ,7.092,7.292,7.505,19.87,294.43,100.00,100.00,81.16,0.413,0.306,-0.90,16.85,7.026,7.029,7.505,7.509,-0.90,16.85,1.75,27.55,,,  ,,,,,,,,,,,,

"F:\LCMS\012522\calibration curve\36_AUCG_1 uM_3.d"," DAD1 - B:Sig=260,4  Ref=360,60 36_AUCG_1 uM_3.d"
"F:\LCMS\012522\calibration curve\36_AUCG_1 uM_3.d" ,"Peak" ,Start,RT,End,Height,Area,Area %,Height %,Area Sum %,Width,FWHM,Start Y,End Y,B1 Start,B1 End,B2 Start,B2 End,Start BL Y,End BL Y,Symmetry,Max Y,SNR,Height % (Norm),Baseline,Base Peak,k',Label,Cpd,Type,Plates,Plates/M,Resolution,Saturated,Tailing factor,Flags (Tgt),
"F:\LCMS\012522\calibration curve\36_AUCG_1 uM_3.d" ,"1" ,0.353,0.370,0.432,2.43,7.00,2.39,12.13,1.90,0.079,0.035,-0.49,-1.68,0.352,0.355,0.432,0.433,-0.78,-1.68,3.14,1.45,,,  ,,,,,,,,,,,,
"F:\LCMS\012522\calibration curve\36_AUCG_1 uM_3.d" ,"2" ,1.167,1.221,1.288,1.78,4.74,1.62,8.89,1.29,0.121,0.040,-0.60,-0.54,1.165,1.167,1.285,1.291,-0.61,-0.54,1.33,1.20,,,  ,,,,,,,,,,,,
"F:\LCMS\012522\calibration curve\36_AUCG_1 uM_3.d" ,"3" ,3.486,3.571,3.697,13.80,63.12,21.53,68.95,17.15,0.211,0.071,-1.41,-1.59,3.467,3.473,3.705,3.710,-1.41,-1.59,1.19,12.32,,,  ,,,,,,,,,,,,
"F:\LCMS\012522\calibration curve\36_AUCG_1 uM_3.d" ,"4" ,7.094,7.287,7.505,20.02,293.20,100.00,100.00,79.66,0.411,0.306,-0.80,16.92,7.025,7.030,7.505,7.509,-0.80,16.92,1.85,27.55,,,  ,,,,,,,,,,,,

"F:\LCMS\012522\calibration curve\38_AUCG_5 uM_1.d"," DAD1 - B:Sig=260,4  Ref=360,60 38_AUCG_5 uM_1.d"
"F:\LCMS\012522\calibration curve\38_AUCG_5 uM_1.d" ,"Peak" ,Start,RT,End,Height,Area,Area %,Height %,Area Sum %,Width,FWHM,Start Y,End Y,B1 Start,B1 End,B2 Start,B2 End,Start BL Y,End BL Y,Symmetry,Max Y,SNR,Height % (Norm),Baseline,Base Peak,k',Label,Cpd,Type,Plates,Plates/M,Resolution,Saturated,Tailing factor,Flags (Tgt),
"F:\LCMS\012522\calibration curve\38_AUCG_5 uM_1.d" ,"1" ,0.592,0.618,0.691,10.01,15.11,5.14,49.57,3.52,0.100,0.022,-0.46,-0.42,0.591,0.595,0.704,0.707,-0.62,-0.52,1.88,9.41,,,  ,,,,,,,,,,,,
"F:\LCMS\012522\calibration curve\38_AUCG_5 uM_1.d" ,"2" ,1.207,1.254,1.321,8.97,23.37,7.95,44.43,5.45,0.115,0.040,-0.63,-0.37,1.197,1.201,1.345,1.347,-0.63,-0.37,1.42,8.44,,,  ,,,,,,,,,,,,
"F:\LCMS\012522\calibration curve\38_AUCG_5 uM_1.d" ,"3" ,3.254,3.348,3.453,3.42,18.87,6.42,16.92,4.40,0.199,0.088,-1.25,-1.37,3.252,3.256,3.481,3.483,-1.32,-1.37,1.11,2.07,,,  ,,,,,,,,,,,,
"F:\LCMS\012522\calibration curve\38_AUCG_5 uM_1.d" ,"4" ,3.518,3.608,3.741,18.10,77.96,26.53,89.68,18.17,0.223,0.066,-1.62,-1.72,3.515,3.518,3.741,3.746,-1.63,-1.72,1.18,16.44,,,  ,,,,,,,,,,,,
"F:\LCMS\012522\calibration curve\38_AUCG_5 uM_1.d" ,"5" ,7.092,7.284,7.505,20.19,293.84,100.00,100.00,68.47,0.413,0.307,-0.90,16.86,7.026,7.029,7.505,7.509,-0.90,16.86,1.92,27.53,,,  ,,,,,,,,,,,,

"F:\LCMS\012522\calibration curve\39_AUCG_5 uM_2.d"," DAD1 - B:Sig=260,4  Ref=360,60 39_AUCG_5 uM_2.d"
"F:\LCMS\012522\calibration curve\39_AUCG_5 uM_2.d" ,"Peak" ,Start,RT,End,Height,Area,Area %,Height %,Area Sum %,Width,FWHM,Start Y,End Y,B1 Start,B1 End,B2 Start,B2 End,Start BL Y,End BL Y,Symmetry,Max Y,SNR,Height % (Norm),Baseline,Base Peak,k',Label,Cpd,Type,Plates,Plates/M,Resolution,Saturated,Tailing factor,Flags (Tgt),
"F:\LCMS\012522\calibration curve\39_AUCG_5 uM_2.d" ,"1" ,0.586,0.602,0.665,12.09,14.52,4.93,60.62,3.39,0.079,0.017,-0.46,-0.27,0.585,0.586,0.702,0.704,-0.46,-0.45,2.11,11.63,,,  ,,,,,,,,,,,,
"F:\LCMS\012522\calibration curve\39_AUCG_5 uM_2.d" ,"2" ,1.171,1.220,1.307,9.43,24.22,8.23,47.29,5.66,0.136,0.039,-0.58,-0.46,1.164,1.171,1.307,1.309,-0.58,-0.46,1.52,8.90,,,  ,,,,,,,,,,,,
"F:\LCMS\012522\calibration curve\39_AUCG_5 uM_2.d" ,"3" ,3.200,3.292,3.395,3.34,18.04,6.13,16.73,4.22,0.195,0.086,-1.15,-1.14,3.189,3.191,3.435,3.438,-1.15,-1.14,1.20,2.20,,,  ,,,,,,,,,,,,
"F:\LCMS\012522\calibration curve\39_AUCG_5 uM_2.d" ,"4" ,3.483,3.571,3.697,16.80,76.68,26.05,84.24,17.92,0.214,0.071,-1.38,-1.54,3.471,3.476,3.724,3.726,-1.38,-1.54,1.20,15.35,,,  ,,,,,,,,,,,,
"F:\LCMS\012522\calibration curve\39_AUCG_5 uM_2.d" ,"5" ,7.094,7.290,7.505,19.94,294.35,100.00,100.00,68.81,0.412,0.306,-0.83,16.83,7.024,7.031,7.505,7.509,-0.83,16.83,1.78,27.55,,,  ,,,,,,,,,,,,

"F:\LCMS\012522\calibration curve\40_AUCG_5 uM_3.d"," DAD1 - B:Sig=260,4  Ref=360,60 40_AUCG_5 uM_3.d"
"F:\LCMS\012522\calibration curve\40_AUCG_5 uM_3.d" ,"Peak" ,Start,RT,End,Height,Area,Area %,Height %,Area Sum %,Width,FWHM,Start Y,End Y,B1 Start,B1 End,B2 Start,B2 End,Start BL Y,End BL Y,Symmetry,Max Y,SNR,Height % (Norm),Baseline,Base Peak,k',Label,Cpd,Type,Plates,Plates/M,Resolution,Saturated,Tailing factor,Flags (Tgt),
"F:\LCMS\012522\calibration curve\40_AUCG_5 uM_3.d" ,"1" ,0.586,0.602,0.664,12.05,14.48,4.91,59.68,3.37,0.078,0.017,-0.48,-0.26,0.584,0.586,0.678,0.681,-0.48,-0.39,2.09,11.59,,,  ,,,,,,,,,,,,
"F:\LCMS\012522\calibration curve\40_AUCG_5 uM_3.d" ,"2" ,1.166,1.215,1.314,9.44,24.32,8.25,46.76,5.66,0.147,0.039,-0.57,-0.47,1.158,1.166,1.312,1.317,-0.58,-0.47,1.54,8.90,,,  ,,,,,,,,,,,,
"F:\LCMS\012522\calibration curve\40_AUCG_5 uM_3.d" ,"3" ,3.191,3.289,3.407,3.38,18.79,6.37,16.73,4.37,0.216,0.088,-1.16,-1.23,3.180,3.189,3.441,3.444,-1.16,-1.23,1.21,2.19,,,  ,,,,,,,,,,,,
"F:\LCMS\012522\calibration curve\40_AUCG_5 uM_3.d" ,"4" ,3.480,3.569,3.697,16.73,77.06,26.14,82.86,17.94,0.217,0.071,-1.41,-1.57,3.467,3.471,3.747,3.751,-1.41,-1.57,1.19,15.26,,,  ,,,,,,,,,,,,
"F:\LCMS\012522\calibration curve\40_AUCG_5 uM_3.d" ,"5" ,7.089,7.285,7.505,20.19,294.79,100.00,100.00,68.64,0.417,0.306,-1.15,16.92,7.030,7.032,7.505,7.509,-1.15,16.92,1.90,27.55,,,  ,,,,,,,,,,,,

"F:\LCMS\012522\calibration curve\42_AUCG_10 uM_1.d"," DAD1 - B:Sig=260,4  Ref=360,60 42_AUCG_10 uM_1.d"
"F:\LCMS\012522\calibration curve\42_AUCG_10 uM_1.d" ,"Peak" ,Start,RT,End,Height,Area,Area %,Height %,Area Sum %,Width,FWHM,Start Y,End Y,B1 Start,B1 End,B2 Start,B2 End,Start BL Y,End BL Y,Symmetry,Max Y,SNR,Height % (Norm),Baseline,Base Peak,k',Label,Cpd,Type,Plates,Plates/M,Resolution,Saturated,Tailing factor,Flags (Tgt),
"F:\LCMS\012522\calibration curve\42_AUCG_10 uM_1.d" ,"1" ,0.357,0.370,0.426,1.80,3.37,1.14,8.10,0.51,0.069,0.024,-0.49,-0.53,0.352,0.354,0.433,0.434,-0.49,-0.53,4.72,1.31,,,  ,,,,,,,,,,,,
"F:\LCMS\012522\calibration curve\42_AUCG_10 uM_1.d" ,"2" ,0.591,0.616,0.694,20.84,31.27,10.61,93.53,4.74,0.102,0.022,-0.35,-0.28,0.590,0.593,0.721,0.727,-0.46,-0.46,1.99,20.39,,,  ,,,,,,,,,,,,
"F:\LCMS\012522\calibration curve\42_AUCG_10 uM_1.d" ,"3" ,1.202,1.255,1.352,17.78,48.71,16.53,79.79,7.38,0.150,0.041,-0.64,-0.47,1.190,1.197,1.351,1.353,-0.66,-0.47,1.44,17.19,,,  ,,,,,,,,,,,,
"F:\LCMS\012522\calibration curve\42_AUCG_10 uM_1.d" ,"4" ,3.254,3.350,3.463,6.83,37.39,12.69,30.64,5.67,0.208,0.087,-1.14,-1.22,3.241,3.244,3.509,3.512,-1.14,-1.22,1.21,5.65,,,  ,,,,,,,,,,,,
"F:\LCMS\012522\calibration curve\42_AUCG_10 uM_1.d" ,"5" ,3.523,3.608,3.738,22.29,95.05,32.25,100.00,14.40,0.216,0.066,-1.50,-1.59,3.515,3.519,3.758,3.760,-1.50,-1.59,1.22,20.75,,,  ,,,,,,,,,,,,
"F:\LCMS\012522\calibration curve\42_AUCG_10 uM_1.d" ,"6" ,7.091,7.291,7.505,19.94,294.71,100.00,89.46,44.66,0.414,0.306,-0.99,16.85,7.026,7.034,7.505,7.509,-0.99,16.85,1.77,27.54,,,  ,,,,,,,,,,,,
"F:\LCMS\012522\calibration curve\42_AUCG_10 uM_1.d" ,"7" ,7.506,7.516,8.024,3.50,149.40,50.69,15.70,22.64,0.517,0.091,16.31,2.63,7.505,7.509,8.835,8.837,16.31,2.21,15.63,19.56,,,  ,,,,,,,,,,,,

"F:\LCMS\012522\calibration curve\43_AUCG_10 uM_2.d"," DAD1 - B:Sig=260,4  Ref=360,60 43_AUCG_10 uM_2.d"
"F:\LCMS\012522\calibration curve\43_AUCG_10 uM_2.d" ,"Peak" ,Start,RT,End,Height,Area,Area %,Height %,Area Sum %,Width,FWHM,Start Y,End Y,B1 Start,B1 End,B2 Start,B2 End,Start BL Y,End BL Y,Symmetry,Max Y,SNR,Height % (Norm),Baseline,Base Peak,k',Label,Cpd,Type,Plates,Plates/M,Resolution,Saturated,Tailing factor,Flags (Tgt),
"F:\LCMS\012522\calibration curve\43_AUCG_10 uM_2.d" ,"1" ,0.440,0.463,0.541,0.92,4.04,1.37,3.52,0.79,0.101,0.087,-1.03,-0.91,0.437,0.439,0.541,0.543,-1.03,-0.91,3.65,-0.08,,,  ,,,,,,,,,,,,
"F:\LCMS\012522\calibration curve\43_AUCG_10 uM_2.d" ,"2" ,0.585,0.602,0.662,26.18,31.47,10.64,100.00,6.13,0.077,0.017,-0.32,-0.04,0.585,0.586,0.691,0.694,-0.76,-0.47,2.13,25.49,,,  ,,,,,,,,,,,,
"F:\LCMS\012522\calibration curve\43_AUCG_10 uM_2.d" ,"3" ,1.171,1.221,1.352,18.56,49.63,16.79,70.89,9.66,0.181,0.040,-0.59,-0.50,1.159,1.164,1.364,1.369,-0.59,-0.54,1.51,17.98,,,  ,,,,,,,,,,,,
"F:\LCMS\012522\calibration curve\43_AUCG_10 uM_2.d" ,"4" ,3.184,3.295,3.419,6.84,38.86,13.14,26.11,7.57,0.235,0.089,-1.18,-1.19,3.179,3.182,3.448,3.450,-1.18,-1.19,1.22,5.65,,,  ,,,,,,,,,,,,
"F:\LCMS\012522\calibration curve\43_AUCG_10 uM_2.d" ,"5" ,3.477,3.569,3.687,20.81,93.94,31.77,79.48,18.29,0.211,0.070,-1.37,-1.37,3.465,3.475,3.716,3.719,-1.37,-1.37,1.20,19.43,,,  ,,,,,,,,,,,,
"F:\LCMS\012522\calibration curve\43_AUCG_10 uM_2.d" ,"6" ,7.089,7.285,7.505,20.20,295.68,100.00,77.17,57.57,0.416,0.307,-1.09,16.80,7.027,7.031,7.505,7.509,-1.09,16.80,1.89,27.52,,,  ,,,,,,,,,,,,

"F:\LCMS\012522\calibration curve\44_AUCG_10 uM_3.d"," DAD1 - B:Sig=260,4  Ref=360,60 44_AUCG_10 uM_3.d"
"F:\LCMS\012522\calibration curve\44_AUCG_10 uM_3.d" ,"Peak" ,Start,RT,End,Height,Area,Area %,Height %,Area Sum %,Width,FWHM,Start Y,End Y,B1 Start,B1 End,B2 Start,B2 End,Start BL Y,End BL Y,Symmetry,Max Y,SNR,Height % (Norm),Baseline,Base Peak,k',Label,Cpd,Type,Plates,Plates/M,Resolution,Saturated,Tailing factor,Flags (Tgt),
"F:\LCMS\012522\calibration curve\44_AUCG_10 uM_3.d" ,"1" ,0.585,0.601,0.662,25.66,30.25,10.25,100.00,5.97,0.077,0.017,-0.32,-0.01,0.584,0.585,0.690,0.692,-0.32,-0.31,2.10,25.35,,,  ,,,,,,,,,,,,
"F:\LCMS\012522\calibration curve\44_AUCG_10 uM_3.d" ,"2" ,1.173,1.221,1.304,18.64,47.68,16.15,72.63,9.41,0.131,0.039,-0.54,-0.15,1.162,1.169,1.328,1.332,-0.54,-0.15,1.54,18.24,,,  ,,,,,,,,,,,,
"F:\LCMS\012522\calibration curve\44_AUCG_10 uM_3.d" ,"3" ,3.195,3.294,3.438,6.90,39.33,13.33,26.87,7.76,0.243,0.089,-1.09,-1.29,3.186,3.189,3.467,3.471,-1.09,-1.29,1.24,5.72,,,  ,,,,,,,,,,,,
"F:\LCMS\012522\calibration curve\44_AUCG_10 uM_3.d" ,"4" ,3.476,3.571,3.696,20.62,94.33,31.96,80.36,18.62,0.219,0.071,-1.35,-1.42,3.467,3.471,3.729,3.732,-1.35,-1.42,1.18,19.25,,,  ,,,,,,,,,,,,
"F:\LCMS\012522\calibration curve\44_AUCG_10 uM_3.d" ,"5" ,7.089,7.289,7.505,20.05,295.14,100.00,78.12,58.24,0.416,0.306,-1.07,16.86,7.027,7.032,7.505,7.509,-1.07,16.86,1.81,27.56,,,  ,,,,,,,,,,,,

"F:\LCMS\012522\calibration curve\46_AUCG_50 uM_1.d"," DAD1 - B:Sig=260,4  Ref=360,60 46_AUCG_50 uM_1.d"
"F:\LCMS\012522\calibration curve\46_AUCG_50 uM_1.d" ,"Peak" ,Start,RT,End,Height,Area,Area %,Height %,Area Sum %,Width,FWHM,Start Y,End Y,B1 Start,B1 End,B2 Start,B2 End,Start BL Y,End BL Y,Symmetry,Max Y,SNR,Height % (Norm),Baseline,Base Peak,k',Label,Cpd,Type,Plates,Plates/M,Resolution,Saturated,Tailing factor,Flags (Tgt),
"F:\LCMS\012522\calibration curve\46_AUCG_50 uM_1.d" ,"1" ,0.355,0.370,0.430,1.85,3.83,1.31,1.78,0.34,0.075,0.025,-0.53,-0.65,0.352,0.354,0.436,0.437,-0.53,-0.65,4.75,1.29,,,  ,,,,,,,,,,,,
"F:\LCMS\012522\calibration curve\46_AUCG_50 uM_1.d" ,"2" ,0.535,0.571,0.591,3.43,9.11,3.10,3.29,0.81,0.056,0.048,-3.20,0.08,0.534,0.535,0.586,0.593,-3.20,-2.17,0.75,0.88,,,  ,,,,,,,,,,,,
"F:\LCMS\012522\calibration curve\46_AUCG_50 uM_1.d" ,"3" ,0.591,0.611,0.689,104.03,153.95,52.48,100.00,13.77,0.098,0.021,0.08,0.89,0.586,0.593,0.770,0.778,-0.16,-0.06,2.45,103.89,,,  ,,,,,,,,,,,,
"F:\LCMS\012522\calibration curve\46_AUCG_50 uM_1.d" ,"4" ,1.203,1.255,1.393,85.90,239.30,81.58,82.57,21.40,0.190,0.042,-0.51,-0.08,1.189,1.192,1.396,1.399,-0.60,-0.23,1.50,85.40,,,  ,,,,,,,,,,,,
"F:\LCMS\012522\calibration curve\46_AUCG_50 uM_1.d" ,"5" ,3.236,3.354,3.506,33.82,191.66,65.34,32.51,17.14,0.270,0.088,-0.91,-1.01,3.229,3.231,3.506,3.509,-0.93,-1.01,1.18,32.85,,,  ,,,,,,,,,,,,
"F:\LCMS\012522\calibration curve\46_AUCG_50 uM_1.d" ,"6" ,3.519,3.605,3.742,52.24,227.10,77.42,50.22,20.31,0.224,0.067,-0.98,-1.08,3.506,3.509,3.758,3.759,-1.01,-1.08,1.26,51.20,,,  ,,,,,,,,,,,,
"F:\LCMS\012522\calibration curve\46_AUCG_50 uM_1.d" ,"7" ,7.092,7.289,7.505,19.93,293.34,100.00,19.16,26.23,0.413,0.306,-0.85,16.94,7.024,7.031,7.505,7.509,-0.85,16.94,1.80,27.57,,,  ,,,,,,,,,,,,

"F:\LCMS\012522\calibration curve\47_AUCG_50 uM_2.d"," DAD1 - B:Sig=260,4  Ref=360,60 47_AUCG_50 uM_2.d"
"F:\LCMS\012522\calibration curve\47_AUCG_50 uM_2.d" ,"Peak" ,Start,RT,End,Height,Area,Area %,Height %,Area Sum %,Width,FWHM,Start Y,End Y,B1 Start,B1 End,B2 Start,B2 End,Start BL Y,End BL Y,Symmetry,Max Y,SNR,Height % (Norm),Baseline,Base Peak,k',Label,Cpd,Type,Plates,Plates/M,Resolution,Saturated,Tailing factor,Flags (Tgt),
"F:\LCMS\012522\calibration curve\47_AUCG_50 uM_2.d" ,"1" ,0.583,0.600,0.661,129.03,152.37,51.55,100.00,13.77,0.078,0.017,0.28,1.70,0.578,0.584,0.820,0.827,-0.12,-0.04,2.15,128.94,,,  ,,,,,,,,,,,,
"F:\LCMS\012522\calibration curve\47_AUCG_50 uM_2.d" ,"2" ,1.174,1.223,1.356,89.70,237.88,80.48,69.52,21.50,0.182,0.039,-0.42,0.03,1.157,1.160,1.398,1.400,-0.46,-0.02,1.56,89.36,,,  ,,,,,,,,,,,,
"F:\LCMS\012522\calibration curve\47_AUCG_50 uM_2.d" ,"3" ,3.185,3.299,3.465,33.55,192.60,65.16,26.00,17.41,0.281,0.089,-0.87,-0.96,3.170,3.175,3.463,3.467,-0.87,-1.00,1.24,32.63,,,  ,,,,,,,,,,,,
"F:\LCMS\012522\calibration curve\47_AUCG_50 uM_2.d" ,"4" ,3.473,3.567,3.716,49.12,228.06,77.15,38.07,20.61,0.243,0.072,-0.94,-1.12,3.463,3.467,3.738,3.741,-1.01,-1.12,1.25,48.07,,,  ,,,,,,,,,,,,
"F:\LCMS\012522\calibration curve\47_AUCG_50 uM_2.d" ,"5" ,7.090,7.290,7.505,19.99,295.59,100.00,15.49,26.71,0.415,0.306,-1.03,16.80,7.026,7.033,7.505,7.509,-1.03,16.80,1.78,27.55,,,  ,,,,,,,,,,,,

"F:\LCMS\012522\calibration curve\48_AUCG_50 uM_3.d"," DAD1 - B:Sig=260,4  Ref=360,60 48_AUCG_50 uM_3.d"
"F:\LCMS\012522\calibration curve\48_AUCG_50 uM_3.d" ,"Peak" ,Start,RT,End,Height,Area,Area %,Height %,Area Sum %,Width,FWHM,Start Y,End Y,B1 Start,B1 End,B2 Start,B2 End,Start BL Y,End BL Y,Symmetry,Max Y,SNR,Height % (Norm),Baseline,Base Peak,k',Label,Cpd,Type,Plates,Plates/M,Resolution,Saturated,Tailing factor,Flags (Tgt),
"F:\LCMS\012522\calibration curve\48_AUCG_50 uM_3.d" ,"1" ,0.357,0.370,0.427,1.76,3.30,1.12,1.31,0.30,0.070,0.024,-0.38,-0.42,0.352,0.354,0.434,0.435,-0.38,-0.42,4.69,1.37,,,  ,,,,,,,,,,,,
"F:\LCMS\012522\calibration curve\48_AUCG_50 uM_3.d" ,"2" ,0.532,0.565,0.581,3.55,8.16,2.77,2.63,0.73,0.049,0.040,-3.15,0.45,0.531,0.532,0.575,0.583,-3.15,-2.18,0.63,1.06,,,  ,,,,,,,,,,,,
"F:\LCMS\012522\calibration curve\48_AUCG_50 uM_3.d" ,"3" ,0.581,0.599,0.654,134.74,151.50,51.53,100.00,13.61,0.073,0.016,0.45,2.05,0.575,0.583,0.735,0.738,-0.07,0.01,2.02,134.69,,,  ,,,,,,,,,,,,
"F:\LCMS\012522\calibration curve\48_AUCG_50 uM_3.d" ,"4" ,1.164,1.214,1.350,87.11,237.92,80.92,64.65,21.38,0.186,0.041,-0.41,0.07,1.153,1.155,1.396,1.400,-0.48,0.04,1.52,86.77,,,  ,,,,,,,,,,,,
"F:\LCMS\012522\calibration curve\48_AUCG_50 uM_3.d" ,"5" ,3.165,3.284,3.451,33.06,191.81,65.23,24.54,17.23,0.286,0.090,-0.82,-0.90,3.160,3.164,3.456,3.458,-0.83,-0.90,1.24,32.20,,,  ,,,,,,,,,,,,
"F:\LCMS\012522\calibration curve\48_AUCG_50 uM_3.d" ,"6" ,3.462,3.556,3.695,47.90,226.29,76.96,35.55,20.33,0.234,0.073,-0.88,-0.95,3.456,3.458,3.764,3.767,-0.88,-0.95,1.25,46.99,,,  ,,,,,,,,,,,,
"F:\LCMS\012522\calibration curve\48_AUCG_50 uM_3.d" ,"7" ,7.091,7.285,7.505,20.16,294.03,100.00,14.96,26.42,0.415,0.307,-0.99,16.92,7.025,7.033,7.505,7.509,-0.99,16.92,1.90,27.56,,,  ,,,,,,,,,,,,

"F:\LCMS\012522\calibration curve\50_AUCG_100 uM_1.d"," DAD1 - B:Sig=260,4  Ref=360,60 50_AUCG_100 uM_1.d"
"F:\LCMS\012522\calibration curve\50_AUCG_100 uM_1.d" ,"Peak" ,Start,RT,End,Height,Area,Area %,Height %,Area Sum %,Width,FWHM,Start Y,End Y,B1 Start,B1 End,B2 Start,B2 End,Start BL Y,End BL Y,Symmetry,Max Y,SNR,Height % (Norm),Baseline,Base Peak,k',Label,Cpd,Type,Plates,Plates/M,Resolution,Saturated,Tailing factor,Flags (Tgt),
"F:\LCMS\012522\calibration curve\50_AUCG_100 uM_1.d" ,"1" ,0.527,0.559,0.587,3.71,10.13,2.13,1.78,0.54,0.060,0.051,-5.65,0.51,0.526,0.526,0.581,0.589,-5.65,0.51,1.23,1.40,,,  ,,,,,,,,,,,,
"F:\LCMS\012522\calibration curve\50_AUCG_100 uM_1.d" ,"2" ,0.589,0.608,0.683,208.43,302.99,63.64,100.00,16.26,0.094,0.020,0.62,2.49,0.581,0.589,0.769,0.773,0.55,0.32,2.54,208.93,,,  ,,,,,,,,,,,,
"F:\LCMS\012522\calibration curve\50_AUCG_100 uM_1.d" ,"3" ,1.201,1.252,1.390,170.90,476.09,100.00,81.99,25.54,0.189,0.041,-0.37,0.54,1.191,1.193,1.476,1.479,-0.60,-0.36,1.54,170.37,,,  ,,,,,,,,,,,,
"F:\LCMS\012522\calibration curve\50_AUCG_100 uM_1.d" ,"4" ,3.232,3.349,3.505,67.31,381.89,80.21,32.30,20.49,0.273,0.088,-0.58,-0.42,3.223,3.226,3.503,3.506,-0.58,-0.84,1.20,66.62,,,  ,,,,,,,,,,,,
"F:\LCMS\012522\calibration curve\50_AUCG_100 uM_1.d" ,"5" ,3.508,3.597,3.785,87.84,397.80,83.55,42.14,21.34,0.277,0.070,-0.39,-1.11,3.503,3.506,3.823,3.829,-0.85,-1.11,1.31,86.91,,,  ,,,,,,,,,,,,
"F:\LCMS\012522\calibration curve\50_AUCG_100 uM_1.d" ,"6" ,7.088,7.291,7.505,19.92,295.07,61.98,9.56,15.83,0.417,0.306,-1.19,16.85,7.029,7.032,7.505,7.509,-1.19,16.85,1.75,27.53,,,  ,,,,,,,,,,,,

"F:\LCMS\012522\calibration curve\51_AUCG_100 uM_2.d"," DAD1 - B:Sig=260,4  Ref=360,60 51_AUCG_100 uM_2.d"
"F:\LCMS\012522\calibration curve\51_AUCG_100 uM_2.d" ,"Peak" ,Start,RT,End,Height,Area,Area %,Height %,Area Sum %,Width,FWHM,Start Y,End Y,B1 Start,B1 End,B2 Start,B2 End,Start BL Y,End BL Y,Symmetry,Max Y,SNR,Height % (Norm),Baseline,Base Peak,k',Label,Cpd,Type,Plates,Plates/M,Resolution,Saturated,Tailing factor,Flags (Tgt),
"F:\LCMS\012522\calibration curve\51_AUCG_100 uM_2.d" ,"1" ,0.526,0.552,0.576,3.49,7.71,1.62,1.40,0.42,0.050,0.044,-5.21,1.04,0.523,0.523,0.571,0.581,-5.21,1.04,1.49,1.55,,,  ,,,,,,,,,,,,
"F:\LCMS\012522\calibration curve\51_AUCG_100 uM_2.d" ,"2" ,0.581,0.598,0.656,249.82,297.54,62.44,100.00,16.06,0.075,0.017,1.36,4.17,0.571,0.581,0.819,0.823,1.36,0.83,1.91,251.06,,,  ,,,,,,,,,,,,
"F:\LCMS\012522\calibration curve\51_AUCG_100 uM_2.d" ,"3" ,1.170,1.219,1.355,175.30,476.53,100.00,70.17,25.72,0.185,0.040,-0.24,0.69,1.149,1.155,1.465,1.469,-0.50,-0.31,1.60,174.85,,,  ,,,,,,,,,,,,
"F:\LCMS\012522\calibration curve\51_AUCG_100 uM_2.d" ,"4" ,3.177,3.293,3.454,66.44,381.80,80.12,26.60,20.61,0.277,0.089,-0.49,-0.34,3.169,3.174,3.454,3.455,-0.51,-0.61,1.24,65.89,,,  ,,,,,,,,,,,,
"F:\LCMS\012522\calibration curve\51_AUCG_100 uM_2.d" ,"5" ,3.463,3.558,3.723,82.24,394.42,82.77,32.92,21.29,0.260,0.074,-0.34,-0.72,3.459,3.462,3.744,3.746,-0.62,-0.72,1.31,81.59,,,  ,,,,,,,,,,,,
"F:\LCMS\012522\calibration curve\51_AUCG_100 uM_2.d" ,"6" ,7.092,7.285,7.505,20.16,294.46,61.79,8.07,15.90,0.413,0.307,-0.90,16.86,7.026,7.030,7.505,7.509,-0.90,16.86,1.88,27.56,,,  ,,,,,,,,,,,,

"F:\LCMS\012522\calibration curve\52_AUCG_100 uM_3.d"," DAD1 - B:Sig=260,4  Ref=360,60 52_AUCG_100 uM_3.d"
"F:\LCMS\012522\calibration curve\52_AUCG_100 uM_3.d" ,"Peak" ,Start,RT,End,Height,Area,Area %,Height %,Area Sum %,Width,FWHM,Start Y,End Y,B1 Start,B1 End,B2 Start,B2 End,Start BL Y,End BL Y,Symmetry,Max Y,SNR,Height % (Norm),Baseline,Base Peak,k',Label,Cpd,Type,Plates,Plates/M,Resolution,Saturated,Tailing factor,Flags (Tgt),
"F:\LCMS\012522\calibration curve\52_AUCG_100 uM_3.d" ,"1" ,0.578,0.597,0.655,255.51,302.22,63.69,100.00,16.40,0.077,0.017,0.92,4.09,0.570,0.579,0.793,0.795,-0.06,-0.01,1.90,255.46,,,  ,,,,,,,,,,,,
"F:\LCMS\012522\calibration curve\52_AUCG_100 uM_3.d" ,"2" ,1.163,1.212,1.348,175.19,474.51,100.00,68.57,25.75,0.185,0.040,-0.22,0.72,1.134,1.139,1.429,1.432,-0.48,-0.20,1.58,174.78,,,  ,,,,,,,,,,,,
"F:\LCMS\012522\calibration curve\52_AUCG_100 uM_3.d" ,"3" ,3.165,3.279,3.444,65.91,378.72,79.81,25.79,20.55,0.279,0.089,-0.43,-0.35,3.155,3.156,3.444,3.451,-0.43,-0.35,1.23,65.51,,,  ,,,,,,,,,,,,
"F:\LCMS\012522\calibration curve\52_AUCG_100 uM_3.d" ,"4" ,3.451,3.548,3.715,80.22,391.59,82.53,31.40,21.25,0.264,0.076,-0.34,-0.70,3.444,3.451,3.795,3.799,-0.35,-0.70,1.31,79.75,,,  ,,,,,,,,,,,,
"F:\LCMS\012522\calibration curve\52_AUCG_100 uM_3.d" ,"5" ,7.087,7.283,7.505,20.29,295.59,62.29,7.94,16.04,0.418,0.307,-1.20,16.87,7.029,7.032,7.505,7.509,-1.20,16.87,1.93,27.55,,,  ,,,,,,,,,,,,

